{"years": [1990, 2000, 2010, 2015, 2020, 2024], "population": [308236, 449811, 588126, 665822, 689992, 703245], "linearY": [326417.63695431873, 447991.2653807141, 569564.8938071094, 630351.7080203071, 691138.5222335048, 739767.9736040644], "polyX": [1990.0, 1990.4040404040404, 1990.8080808080808, 1991.2121212121212, 1991.6161616161617, 1992.020202020202, 1992.4242424242425, 1992.828282828283, 1993.2323232323233, 1993.6363636363637, 1994.040404040404, 1994.4444444444443, 1994.8484848484848, 1995.2525252525252, 1995.6565656565656, 1996.060606060606, 1996.4646464646464, 1996.8686868686868, 1997.2727272727273, 1997.6767676767677, 1998.080808080808, 1998.4848484848485, 1998.888888888889, 1999.2929292929293, 1999.6969696969697, 2000.1010101010102, 2000.5050505050506, 2000.909090909091, 2001.3131313131314, 2001.7171717171718, 2002.121212121212, 2002.5252525252524, 2002.9292929292928, 2003.3333333333333, 2003.7373737373737, 2004.141414141414, 2004.5454545454545, 2004.949494949495, 2005.3535353535353, 2005.7575757575758, 2006.1616161616162, 2006.5656565656566, 2006.969696969697, 2007.3737373737374, 2007.7777777777778, 2008.1818181818182, 2008.5858585858587, 2008.989898989899, 2009.3939393939395, 2009.79797979798, 2010.20202020202, 2010.6060606060605, 2011.010101010101, 2011.4141414141413, 2011.8181818181818, 2012.2222222222222, 2012.6262626262626, 2013.030303030303, 2013.4343434343434, 2013.8383838383838, 2014.2424242424242, 2014.6464646464647, 2015.050505050505, 2015.4545454545455, 2015.858585858586, 2016.2626262626263, 2016.6666666666667, 2017.0707070707072, 2017.4747474747476, 2017.878787878788, 2018.2828282828282, 2018.6868686868686, 2019.090909090909, 2019.4949494949494, 2019.8989898989898, 2020.3030303030303, 2020.7070707070707, 2021.111111111111, 2021.5151515151515, 2021.919191919192, 2022.3232323232323, 2022.7272727272727, 2023.1313131313132, 2023.5353535353536, 2023.939393939394, 2024.3434343434344, 2024.7474747474748, 2025.1515151515152, 2025.5555555555557, 2025.9595959595958, 2026.3636363636363, 2026.7676767676767, 2027.171717171717, 2027.5757575757575, 2027.979797979798, 2028.3838383838383, 2028.7878787878788, 2029.1919191919192, 2029.5959595959596, 2030.0], "polyY": [301253.22535407543, 308556.4423495531, 315802.00056779385, 322989.90000844, 330120.1406722069, 337192.7225586176, 344207.6456679106, 351164.9099998474, 358064.5155545473, 364906.46233177185, 371690.7503321171, 378417.37955486774, 385086.3500005007, 391697.6616690159, 398251.31456017494, 404747.30867409706, 411185.64401066303, 417566.32056999207, 423889.3383523226, 430154.69735717773, 436362.39758491516, 442512.43903541565, 448604.8217083216, 454639.5456043482, 460616.61072289944, 466536.0170644522, 472397.76462864876, 478201.8534152508, 483948.2834249735, 489637.05465745926, 495268.1671124697, 500841.62079048157, 506357.4156911373, 511815.5518145561, 517216.0291604996, 522558.8477294445, 527844.0075211525, 533071.5085356236, 538241.3507727385, 543353.5342326164, 548408.0589151382, 553404.9248205423, 558344.1319487095, 563225.6802996397, 568049.569873333, 572815.8006695509, 577524.3726886511, 582175.2859306335, 586768.5403952599, 591304.1360827684, 595782.0729928017, 600202.3511257172, 604564.9704811573, 608869.9310595989, 613117.2328606844, 617306.8758846521, 621438.8601312637, 625513.1856007576, 629529.8522926569, 633488.8602075577, 637390.2093452215, 641233.8997056484, 645019.9312888384, 648748.3040944338, 652419.0181231499, 656032.0733745098, 659587.4698486328, 663085.2075455189, 666525.2864652872, 669907.7066073418, 673232.467972517, 676499.5705604553, 679709.0143710375, 682860.7994043827, 685954.9256606102, 688991.3931394815, 691970.2018408775, 694891.351765275, 697754.8429124355, 700560.6752823591, 703308.8488749266, 705999.3636901379, 708632.2197282314, 711207.4169892073, 713724.955472827, 716184.8351792097, 718587.0561083555, 720931.618260026, 723218.5216345787, 725447.7662318945, 727619.3520520926, 729733.2790949345, 731789.5473605394, 733788.1568489075, 735729.1075598001, 737612.3994936943, 739438.0326503515, 741206.0070296526, 742916.3226318359, 744568.9794565439], "linearPredictionY": 800554.7878172621, "polyPredictionY": 740373.408528328, "mseLinear": 545296957.7944683, "msePoly": 148626036.43897486}